Name,Volume,Where,Book_Name,Fullname (from Book_Name),Type,Publisher,Created
Blue Archive 1,1.0,Apartment,Blue Archive,Blue Archive Comic Anthology,Manga,First Page Pro.,2025-03-29 01:32
tawawa 1,1.0,Apartment,tawawa,Getsuyoubi no tawawa,Manga,First Page Pro.,2024-04-02 20:54
tawawa 2,2.0,Apartment,tawawa,Getsuyoubi no tawawa,Manga,First Page Pro.,2024-04-02 20:55
tawawa 3,3.0,Apartment,tawawa,Getsuyoubi no tawawa,Manga,First Page Pro.,2024-04-02 20:55
tawawa 4,4.0,Apartment,tawawa,Getsuyoubi no tawawa,Manga,First Page Pro.,2024-04-02 20:55
tawawa 5,5.0,Apartment,tawawa,Getsuyoubi no tawawa,Manga,First Page Pro.,2024-04-02 20:55
tawawa 6,6.0,Apartment,tawawa,Getsuyoubi no tawawa,Manga,First Page Pro.,2024-04-02 20:55
tawawa 7,7.0,Apartment,tawawa,Getsuyoubi no tawawa,Manga,First Page Pro.,2025-03-29 01:03
tawawa 8,8.0,Apartment,tawawa,Getsuyoubi no tawawa,Manga,First Page Pro.,2025-03-29 20:05
tawawa 9,9.0,Apartment,tawawa,Getsuyoubi no tawawa,Manga,First Page Pro.,2026-01-09 12:02
งานหนังสือต่างโลก 1,1.0,Apartment,งานหนังสือต่างโลก,Mahoutsukai no Insatsujo,Manga,First Page Pro.,2023-12-10 19:18
งานหนังสือต่างโลก 2,2.0,Apartment,งานหนังสือต่างโลก,Mahoutsukai no Insatsujo,Manga,First Page Pro.,2023-12-10 19:18
งานหนังสือต่างโลก 3,3.0,Apartment,งานหนังสือต่างโลก,Mahoutsukai no Insatsujo,Manga,First Page Pro.,2023-12-10 19:18
งานหนังสือต่างโลก 4,4.0,Apartment,งานหนังสือต่างโลก,Mahoutsukai no Insatsujo,Manga,First Page Pro.,2023-12-10 19:18
งานหนังสือต่างโลก 5,5.0,Apartment,งานหนังสือต่างโลก,Mahoutsukai no Insatsujo,Manga,First Page Pro.,2023-12-10 19:18
งานหนังสือต่างโลก 6,6.0,Apartment,งานหนังสือต่างโลก,Mahoutsukai no Insatsujo,Manga,First Page Pro.,2023-12-10 19:18
เทคนี้ที่ผมถ่าย 1,1.0,Apartment,เทคนี้ที่ผมถ่าย,เทคนี้ที่ผมถ่ายเป็นเรื่องน่าอายที่เธอไม่คัท,Manga,First Page Pro.,2024-04-02 20:53
เทคนี้ที่ผมถ่าย 2,2.0,Apartment,เทคนี้ที่ผมถ่าย,เทคนี้ที่ผมถ่ายเป็นเรื่องน่าอายที่เธอไม่คัท,Manga,First Page Pro.,2024-04-02 20:54
เทคนี้ที่ผมถ่าย 3,3.0,Apartment,เทคนี้ที่ผมถ่าย,เทคนี้ที่ผมถ่ายเป็นเรื่องน่าอายที่เธอไม่คัท,Manga,First Page Pro.,2024-04-02 20:54
เทคนี้ที่ผมถ่าย 4,4.0,Apartment,เทคนี้ที่ผมถ่าย,เทคนี้ที่ผมถ่ายเป็นเรื่องน่าอายที่เธอไม่คัท,Manga,First Page Pro.,2024-04-02 20:54
เทคนี้ที่ผมถ่าย 5,5.0,Apartment,เทคนี้ที่ผมถ่าย,เทคนี้ที่ผมถ่ายเป็นเรื่องน่าอายที่เธอไม่คัท,Manga,First Page Pro.,2024-04-02 20:54
เทคนี้ที่ผมถ่าย 6,6.0,Apartment,เทคนี้ที่ผมถ่าย,เทคนี้ที่ผมถ่ายเป็นเรื่องน่าอายที่เธอไม่คัท,Manga,First Page Pro.,2025-03-29 01:02
เทคนี้ที่ผมถ่าย 7,7.0,Apartment,เทคนี้ที่ผมถ่าย,เทคนี้ที่ผมถ่ายเป็นเรื่องน่าอายที่เธอไม่คัท,Manga,First Page Pro.,2025-03-29 20:04
เทคนี้ที่ผมถ่าย 8,8.0,Apartment,เทคนี้ที่ผมถ่าย,เทคนี้ที่ผมถ่ายเป็นเรื่องน่าอายที่เธอไม่คัท,Manga,First Page Pro.,2025-03-29 20:04
เทคนี้ที่ผมถ่าย 9,9.0,Apartment,เทคนี้ที่ผมถ่าย,เทคนี้ที่ผมถ่ายเป็นเรื่องน่าอายที่เธอไม่คัท,Manga,First Page Pro.,2026-01-09 12:03
เทคนี้ที่ผมถ่าย 10,10.0,Apartment,เทคนี้ที่ผมถ่าย,เทคนี้ที่ผมถ่ายเป็นเรื่องน่าอายที่เธอไม่คัท,Manga,First Page Pro.,2026-01-09 12:03
Arifureta 1,1.0,Apartment,Arifureta,Arifureta Shokugyou de Sekai Saikyou,Light Novel,First Page Pro.,2023-12-10 13:59
Arifureta 2,2.0,Apartment,Arifureta,Arifureta Shokugyou de Sekai Saikyou,Light Novel,First Page Pro.,2023-12-10 18:21
Arifureta 3,3.0,Apartment,Arifureta,Arifureta Shokugyou de Sekai Saikyou,Light Novel,First Page Pro.,2023-12-10 18:21
Arifureta 4,4.0,Apartment,Arifureta,Arifureta Shokugyou de Sekai Saikyou,Light Novel,First Page Pro.,2023-12-10 18:22
Arifureta 5,5.0,Apartment,Arifureta,Arifureta Shokugyou de Sekai Saikyou,Light Novel,First Page Pro.,2023-12-10 18:22
Arifureta 6,6.0,Apartment,Arifureta,Arifureta Shokugyou de Sekai Saikyou,Light Novel,First Page Pro.,2023-12-10 18:22
Arifureta 7,7.0,Apartment,Arifureta,Arifureta Shokugyou de Sekai Saikyou,Light Novel,First Page Pro.,2023-12-10 18:22
Arifureta 8,8.0,Apartment,Arifureta,Arifureta Shokugyou de Sekai Saikyou,Light Novel,First Page Pro.,2023-12-10 18:22
Arifureta 8,8.0,Apartment,Arifureta,Arifureta Shokugyou de Sekai Saikyou,Light Novel,First Page Pro.,2023-12-10 19:33
Arifureta 9,9.0,Apartment,Arifureta,Arifureta Shokugyou de Sekai Saikyou,Light Novel,First Page Pro.,2023-12-10 18:23
Arifureta 10,10.0,Apartment,Arifureta,Arifureta Shokugyou de Sekai Saikyou,Light Novel,First Page Pro.,2023-12-10 18:23
Arifureta 11,11.0,Apartment,Arifureta,Arifureta Shokugyou de Sekai Saikyou,Light Novel,First Page Pro.,2023-12-10 18:23
Arifureta 12,12.0,Apartment,Arifureta,Arifureta Shokugyou de Sekai Saikyou,Light Novel,First Page Pro.,2023-12-10 18:23
Arifureta 13,13.0,Apartment,Arifureta,Arifureta Shokugyou de Sekai Saikyou,Light Novel,First Page Pro.,2023-12-10 18:23
Arifureta 14,14.0,Apartment,Arifureta,Arifureta Shokugyou de Sekai Saikyou,Light Novel,First Page Pro.,2026-01-09 12:04
Arifureta Zero 1,1.0,Apartment,Arifureta Zero,Arifureta Shokugyou de Sekai Saikyou Zero,Light Novel,First Page Pro.,2023-12-10 19:38
Arifureta Zero 2,2.0,Apartment,Arifureta Zero,Arifureta Shokugyou de Sekai Saikyou Zero,Light Novel,First Page Pro.,2025-03-29 00:38
Arifureta Zero 3,3.0,Apartment,Arifureta Zero,Arifureta Shokugyou de Sekai Saikyou Zero,Light Novel,First Page Pro.,2025-03-29 00:38
Mira-san 1,1.0,Home,Mira-san,Kenja no Deshi wo Nanoru Kenja,Light Novel,First Page Pro.,2023-12-10 19:49
Mira-san 2,2.0,Home,Mira-san,Kenja no Deshi wo Nanoru Kenja,Light Novel,First Page Pro.,2023-12-10 19:49
Mira-san 3,3.0,Home,Mira-san,Kenja no Deshi wo Nanoru Kenja,Light Novel,First Page Pro.,2023-12-10 19:49
Mira-san 4,4.0,Home,Mira-san,Kenja no Deshi wo Nanoru Kenja,Light Novel,First Page Pro.,2023-12-10 19:49
Mira-san 5,5.0,Home,Mira-san,Kenja no Deshi wo Nanoru Kenja,Light Novel,First Page Pro.,2023-12-10 19:49
Mira-san 6,6.0,Home,Mira-san,Kenja no Deshi wo Nanoru Kenja,Light Novel,First Page Pro.,2023-12-10 19:35
Mira-san 7,7.0,Home,Mira-san,Kenja no Deshi wo Nanoru Kenja,Light Novel,First Page Pro.,2024-04-02 10:43
Mira-san 8,8.0,Home,Mira-san,Kenja no Deshi wo Nanoru Kenja,Light Novel,First Page Pro.,2024-04-02 10:43
เกิดใหม่เป็นดาบ 1,1.0,Home,เกิดใหม่เป็นดาบ,Tensei Shitara Ken Deshita,Light Novel,First Page Pro.,2023-12-10 19:53
เกิดใหม่เป็นดาบ 2,2.0,Home,เกิดใหม่เป็นดาบ,Tensei Shitara Ken Deshita,Light Novel,First Page Pro.,2023-12-10 19:53
เกิดใหม่เป็นดาบ 3,3.0,Home,เกิดใหม่เป็นดาบ,Tensei Shitara Ken Deshita,Light Novel,First Page Pro.,2023-12-10 19:38
น้องสาวเพื่อน 1,1.0,Home,น้องสาวเพื่อน,Tomodachi no Imōto ga Ore ni Dake Uzai,Light Novel,First Page Pro.,2023-12-10 19:55
น้องสาวเพื่อน 2,2.0,Home,น้องสาวเพื่อน,Tomodachi no Imōto ga Ore ni Dake Uzai,Light Novel,First Page Pro.,2023-12-10 19:39
น้องสาวเพื่อน 3,3.0,Apartment,น้องสาวเพื่อน,Tomodachi no Imōto ga Ore ni Dake Uzai,Light Novel,First Page Pro.,2024-04-02 10:45
ฝาแฝด 1,1.0,Home,ฝาแฝด,เป็นแฟนกับฝาแฝดทั้งสองคนเลยไหม,Light Novel,First Page Pro.,2025-03-29 20:21
ฝาแฝด 2,2.0,Home,ฝาแฝด,เป็นแฟนกับฝาแฝดทั้งสองคนเลยไหม,Light Novel,First Page Pro.,2025-03-29 20:21
ฝาแฝด 3,3.0,Apartment,ฝาแฝด,เป็นแฟนกับฝาแฝดทั้งสองคนเลยไหม,Light Novel,First Page Pro.,2026-01-09 12:05
ฝาแฝด 4,4.0,Apartment,ฝาแฝด,เป็นแฟนกับฝาแฝดทั้งสองคนเลยไหม,Light Novel,First Page Pro.,2026-01-09 12:05
เพื่อนพระเอก 1,1.0,Home,เพื่อนพระเอก,Yuujin Chara no Ore ga Motemakuru Wakenaidaro?,Light Novel,First Page Pro.,2023-12-10 19:53
เพื่อนพระเอก 2,2.0,Home,เพื่อนพระเอก,Yuujin Chara no Ore ga Motemakuru Wakenaidaro?,Light Novel,First Page Pro.,2023-12-10 19:53
เพื่อนพระเอก 3,3.0,Home,เพื่อนพระเอก,Yuujin Chara no Ore ga Motemakuru Wakenaidaro?,Light Novel,First Page Pro.,2023-12-10 19:53
เพื่อนพระเอก 4,4.0,Home,เพื่อนพระเอก,Yuujin Chara no Ore ga Motemakuru Wakenaidaro?,Light Novel,First Page Pro.,2023-12-10 19:53
เพื่อนพระเอก 5,5.0,Home,เพื่อนพระเอก,Yuujin Chara no Ore ga Motemakuru Wakenaidaro?,Light Novel,First Page Pro.,2023-12-10 19:38
อัศวินกระดูก 1,1.0,Home,อัศวินกระดูก,"Gaikotsu Kishi-sama, Tadaima Isekai e Odekake-chuu",Light Novel,First Page Pro.,2023-12-10 19:50
อัศวินกระดูก 2,2.0,Home,อัศวินกระดูก,"Gaikotsu Kishi-sama, Tadaima Isekai e Odekake-chuu",Light Novel,First Page Pro.,2023-12-10 19:50
อัศวินกระดูก 3,3.0,Home,อัศวินกระดูก,"Gaikotsu Kishi-sama, Tadaima Isekai e Odekake-chuu",Light Novel,First Page Pro.,2023-12-10 19:50
อัศวินกระดูก 4,4.0,Home,อัศวินกระดูก,"Gaikotsu Kishi-sama, Tadaima Isekai e Odekake-chuu",Light Novel,First Page Pro.,2023-12-10 19:36
อัศวินกระดูก 5,5.0,Home,อัศวินกระดูก,"Gaikotsu Kishi-sama, Tadaima Isekai e Odekake-chuu",Light Novel,First Page Pro.,2024-04-02 10:47
อัศวินกระดูก 6,6.0,Home,อัศวินกระดูก,"Gaikotsu Kishi-sama, Tadaima Isekai e Odekake-chuu",Light Novel,First Page Pro.,2024-04-02 18:01
อัศวินกระดูก 6,6.0,Apartment,อัศวินกระดูก,"Gaikotsu Kishi-sama, Tadaima Isekai e Odekake-chuu",Light Novel,First Page Pro.,2024-04-02 18:01
Elden Ring 1,1.0,Apartment,Elden Ring,Elden Ring ฮา,Manga,Phoenix Next,2025-03-29 01:41
Elden Ring 2,2.0,Apartment,Elden Ring,Elden Ring ฮา,Manga,Phoenix Next,2025-03-29 01:41
Elden Ring 3,3.0,Apartment,Elden Ring,Elden Ring ฮา,Manga,Phoenix Next,2025-03-29 01:41
Elden Ring 4,4.0,Apartment,Elden Ring,Elden Ring ฮา,Manga,Phoenix Next,2025-03-29 19:12
Fate/Go Comic 1,1.0,Home,Fate/Go Comic,Fate Grand Order Comic A la carte,Manga,Phoenix Next,2023-12-10 19:50
Fate/Go Comic 2,2.0,Home,Fate/Go Comic,Fate Grand Order Comic A la carte,Manga,Phoenix Next,2023-12-10 19:50
Fate/Go Comic 3,3.0,Home,Fate/Go Comic,Fate Grand Order Comic A la carte,Manga,Phoenix Next,2023-12-10 19:50
Fate/Go Comic 4,4.0,Home,Fate/Go Comic,Fate Grand Order Comic A la carte,Manga,Phoenix Next,2023-12-10 19:50
Fate/Go Comic 5,5.0,Home,Fate/Go Comic,Fate Grand Order Comic A la carte,Manga,Phoenix Next,2023-12-10 19:50
Fate/Go Comic 6,6.0,Home,Fate/Go Comic,Fate Grand Order Comic A la carte,Manga,Phoenix Next,2023-12-10 19:50
Fate/Go Comic 7,7.0,Home,Fate/Go Comic,Fate Grand Order Comic A la carte,Manga,Phoenix Next,2023-12-10 19:50
Fate/Go Comic 8,8.0,Home,Fate/Go Comic,Fate Grand Order Comic A la carte,Manga,Phoenix Next,2023-12-10 19:50
Fate/Go Comic 9,9.0,Home,Fate/Go Comic,Fate Grand Order Comic A la carte,Manga,Phoenix Next,2023-12-10 19:35
Sasayaku 1,1.0,Apartment,Sasayaku,Sasayaku You ni Koi o Utau,Manga,Phoenix Next,2025-03-29 01:31
Sasayaku 2,2.0,Apartment,Sasayaku,Sasayaku You ni Koi o Utau,Manga,Phoenix Next,2025-03-29 01:31
Sasayaku 3,3.0,Apartment,Sasayaku,Sasayaku You ni Koi o Utau,Manga,Phoenix Next,2025-03-29 01:31
Sasayaku 4,4.0,Apartment,Sasayaku,Sasayaku You ni Koi o Utau,Manga,Phoenix Next,2025-03-29 01:31
Sasayaku 5,5.0,Apartment,Sasayaku,Sasayaku You ni Koi o Utau,Manga,Phoenix Next,2025-03-29 01:31
Sasayaku 6,6.0,Apartment,Sasayaku,Sasayaku You ni Koi o Utau,Manga,Phoenix Next,2025-03-29 01:31
Sasayaku 7,7.0,Apartment,Sasayaku,Sasayaku You ni Koi o Utau,Manga,Phoenix Next,2025-03-29 01:31
Sasayaku 8,8.0,Apartment,Sasayaku,Sasayaku You ni Koi o Utau,Manga,Phoenix Next,2025-03-29 01:31
Sasayaku 9,9.0,Apartment,Sasayaku,Sasayaku You ni Koi o Utau,Manga,Phoenix Next,2025-03-29 01:31
Sasayaku 10,10.0,Apartment,Sasayaku,Sasayaku You ni Koi o Utau,Manga,Phoenix Next,2025-03-29 19:15
Solo Leveling 1,1.0,Apartment,Solo Leveling,Solo Leveling,Manga,Phoenix Next,2024-04-02 20:56
Solo Leveling 2,2.0,Apartment,Solo Leveling,Solo Leveling,Manga,Phoenix Next,2024-04-02 20:56
Solo Leveling 3,3.0,Apartment,Solo Leveling,Solo Leveling,Manga,Phoenix Next,2024-04-02 20:56
Solo Leveling 4,4.0,Apartment,Solo Leveling,Solo Leveling,Manga,Phoenix Next,2024-04-02 20:56
Solo Leveling 5,5.0,Apartment,Solo Leveling,Solo Leveling,Manga,Phoenix Next,2024-04-02 20:56
Solo Leveling 6,6.0,Apartment,Solo Leveling,Solo Leveling,Manga,Phoenix Next,2024-04-02 20:56
Solo Leveling 7,7.0,Apartment,Solo Leveling,Solo Leveling,Manga,Phoenix Next,2024-04-02 20:56
Solo Leveling 8,8.0,Apartment,Solo Leveling,Solo Leveling,Manga,Phoenix Next,2024-04-02 20:56
โกคุราคุไก 1,1.0,Apartment,โกคุราคุไก,Gokurakugai,Manga,Phoenix Next,2024-01-02 19:48
โกคุราคุไก 2,2.0,Apartment,โกคุราคุไก,Gokurakugai,Manga,Phoenix Next,2024-01-02 19:48
โกคุราคุไก 3,3.0,Apartment,โกคุราคุไก,Gokurakugai,Manga,Phoenix Next,2025-03-29 01:08
โกคุราคุไก 4,4.0,Apartment,โกคุราคุไก,Gokurakugai,Manga,Phoenix Next,2025-03-29 19:14
โกคุราคุไก 5,5.0,Apartment,โกคุราคุไก,Gokurakugai,Manga,Phoenix Next,2026-01-09 12:07
ชีวิตไม่ง่ายของนางร้าย 99 1,1.0,Home,ชีวิตไม่ง่ายของนางร้าย 99,Akuyaku Reijou Reberu 99: Watashi wa Ura Bosudesuga Maou de wa Arimasen,Manga,Phoenix Next,2023-12-10 19:56
ชีวิตไม่ง่ายของนางร้าย 99 2,2.0,Home,ชีวิตไม่ง่ายของนางร้าย 99,Akuyaku Reijou Reberu 99: Watashi wa Ura Bosudesuga Maou de wa Arimasen,Manga,Phoenix Next,2023-12-10 19:40
ชีวิตไม่ง่ายของนางร้าย 99 3,3.0,Apartment,ชีวิตไม่ง่ายของนางร้าย 99,Akuyaku Reijou Reberu 99: Watashi wa Ura Bosudesuga Maou de wa Arimasen,Manga,Phoenix Next,2024-04-02 20:44
ดอกรัก 1,1.0,Apartment,ดอกรัก,ดอกรักผลิบานที่กลางใจ,Manga,Phoenix Next,2026-01-09 12:17
ดอกรัก 2,2.0,Apartment,ดอกรัก,ดอกรักผลิบานที่กลางใจ,Manga,Phoenix Next,2026-01-09 12:17
ดอกรัก 3,3.0,Apartment,ดอกรัก,ดอกรักผลิบานที่กลางใจ,Manga,Phoenix Next,2026-01-09 12:17
ดอกรัก 4,4.0,Apartment,ดอกรัก,ดอกรักผลิบานที่กลางใจ,Manga,Phoenix Next,2026-01-09 12:17
ดอกรัก 5,5.0,Apartment,ดอกรัก,ดอกรักผลิบานที่กลางใจ,Manga,Phoenix Next,2026-01-09 12:17
ดอกรัก 6,6.0,Apartment,ดอกรัก,ดอกรักผลิบานที่กลางใจ,Manga,Phoenix Next,2026-01-09 12:17
ดอกรัก 7,7.0,Apartment,ดอกรัก,ดอกรักผลิบานที่กลางใจ,Manga,Phoenix Next,2026-01-09 12:17
ดอกรัก 8,8.0,Apartment,ดอกรัก,ดอกรักผลิบานที่กลางใจ,Manga,Phoenix Next,2026-01-09 12:17
ดอกรัก 9,9.0,Apartment,ดอกรัก,ดอกรักผลิบานที่กลางใจ,Manga,Phoenix Next,2026-01-09 12:17
ดอกรัก 10,10.0,Apartment,ดอกรัก,ดอกรักผลิบานที่กลางใจ,Manga,Phoenix Next,2026-01-09 12:17
ดอกรัก 11,11.0,Apartment,ดอกรัก,ดอกรักผลิบานที่กลางใจ,Manga,Phoenix Next,2026-01-09 12:18
ดอกรัก 12,12.0,Apartment,ดอกรัก,ดอกรักผลิบานที่กลางใจ,Manga,Phoenix Next,2026-01-09 12:18
ดอกรัก 13,13.0,Apartment,ดอกรัก,ดอกรักผลิบานที่กลางใจ,Manga,Phoenix Next,2026-01-09 12:18
ดอกรัก 14,14.0,Apartment,ดอกรัก,ดอกรักผลิบานที่กลางใจ,Manga,Phoenix Next,2026-01-09 12:18
ดอกรัก 15,15.0,Apartment,ดอกรัก,ดอกรักผลิบานที่กลางใจ,Manga,Phoenix Next,2026-01-09 12:18
ดอกรัก 16,16.0,Apartment,ดอกรัก,ดอกรักผลิบานที่กลางใจ,Manga,Phoenix Next,2026-01-09 12:18
ดอกรัก 17,17.0,Apartment,ดอกรัก,ดอกรักผลิบานที่กลางใจ,Manga,Phoenix Next,2026-03-27 20:53
ดอกรัก 18,18.0,Apartment,ดอกรัก,ดอกรักผลิบานที่กลางใจ,Manga,Phoenix Next,2026-03-27 20:53
ทำไงดีเกมนี้นางร้ายน่ารัก 1,1.0,Home,ทำไงดีเกมนี้นางร้ายน่ารัก,Watashi no Oshi wa Akuyaku Reijou,Manga,Phoenix Next,2023-12-10 19:56
ทำไงดีเกมนี้นางร้ายน่ารัก 2,2.0,Home,ทำไงดีเกมนี้นางร้ายน่ารัก,Watashi no Oshi wa Akuyaku Reijou,Manga,Phoenix Next,2023-12-10 19:40
ทำไงดีเกมนี้นางร้ายน่ารัก 3,3.0,Home,ทำไงดีเกมนี้นางร้ายน่ารัก,Watashi no Oshi wa Akuyaku Reijou,Manga,Phoenix Next,2025-03-29 20:57
ทำไงดีเกมนี้นางร้ายน่ารัก 4,4.0,Home,ทำไงดีเกมนี้นางร้ายน่ารัก,Watashi no Oshi wa Akuyaku Reijou,Manga,Phoenix Next,2025-03-29 20:57
ทำไงดีเกมนี้นางร้ายน่ารัก 5,5.0,Home,ทำไงดีเกมนี้นางร้ายน่ารัก,Watashi no Oshi wa Akuyaku Reijou,Manga,Phoenix Next,2025-03-29 20:57
ทำไงดีเกมนี้นางร้ายน่ารัก 6,6.0,Home,ทำไงดีเกมนี้นางร้ายน่ารัก,Watashi no Oshi wa Akuyaku Reijou,Manga,Phoenix Next,2025-03-29 20:57
ทำไงดีเกมนี้นางร้ายน่ารัก 7,7.0,Home,ทำไงดีเกมนี้นางร้ายน่ารัก,Watashi no Oshi wa Akuyaku Reijou,Manga,Phoenix Next,2025-03-29 20:57
ทำไงดีเกมนี้นางร้ายน่ารัก 8,8.0,Home,ทำไงดีเกมนี้นางร้ายน่ารัก,Watashi no Oshi wa Akuyaku Reijou,Manga,Phoenix Next,2025-03-29 20:58
น้าต่างโลก 1,1.0,Home,น้าต่างโลก,Isekai Ojisan,Manga,Phoenix Next,2023-12-10 19:55
น้าต่างโลก 2,2.0,Home,น้าต่างโลก,Isekai Ojisan,Manga,Phoenix Next,2023-12-10 19:55
น้าต่างโลก 3,3.0,Home,น้าต่างโลก,Isekai Ojisan,Manga,Phoenix Next,2023-12-10 19:40
ปีศาจพี่สาว 1,1.0,Home,ปีศาจพี่สาว,Ane Naru Mono,Manga,Phoenix Next,2023-12-10 19:56
ปีศาจพี่สาว 2,2.0,Home,ปีศาจพี่สาว,Ane Naru Mono,Manga,Phoenix Next,2023-12-10 19:56
ปีศาจพี่สาว 3,3.0,Home,ปีศาจพี่สาว,Ane Naru Mono,Manga,Phoenix Next,2023-12-10 19:56
ปีศาจพี่สาว 4,4.0,Home,ปีศาจพี่สาว,Ane Naru Mono,Manga,Phoenix Next,2023-12-10 19:41
มหาศึกคนชนเทพ 1,1.0,Home,มหาศึกคนชนเทพ,Shuumatsu no Warukyuure,Manga,Phoenix Next,2023-12-10 19:51
มหาศึกคนชนเทพ 2,2.0,Home,มหาศึกคนชนเทพ,Shuumatsu no Warukyuure,Manga,Phoenix Next,2023-12-10 19:51
มหาศึกคนชนเทพ 3,3.0,Home,มหาศึกคนชนเทพ,Shuumatsu no Warukyuure,Manga,Phoenix Next,2023-12-10 19:51
มหาศึกคนชนเทพ 4,4.0,Home,มหาศึกคนชนเทพ,Shuumatsu no Warukyuure,Manga,Phoenix Next,2023-12-10 19:51
มหาศึกคนชนเทพ 5,5.0,Home,มหาศึกคนชนเทพ,Shuumatsu no Warukyuure,Manga,Phoenix Next,2023-12-10 19:36
ยมลแห่งยมโลก 1,1.0,Apartment,ยมลแห่งยมโลก,Yomi no tsugai,Manga,Phoenix Next,2024-01-02 19:49
ยมลแห่งยมโลก 2,2.0,Apartment,ยมลแห่งยมโลก,Yomi no tsugai,Manga,Phoenix Next,2024-01-02 19:49
ยมลแห่งยมโลก 3,3.0,Apartment,ยมลแห่งยมโลก,Yomi no tsugai,Manga,Phoenix Next,2024-01-02 19:49
ยมลแห่งยมโลก 4,4.0,Apartment,ยมลแห่งยมโลก,Yomi no tsugai,Manga,Phoenix Next,2024-04-02 20:43
ยมลแห่งยมโลก 5,5.0,Apartment,ยมลแห่งยมโลก,Yomi no tsugai,Manga,Phoenix Next,2025-03-29 00:58
ยมลแห่งยมโลก 6,6.0,Apartment,ยมลแห่งยมโลก,Yomi no tsugai,Manga,Phoenix Next,2025-03-29 00:58
ยมลแห่งยมโลก 7,7.0,Apartment,ยมลแห่งยมโลก,Yomi no tsugai,Manga,Phoenix Next,2025-03-29 20:03
ยมลแห่งยมโลก 8,8.0,Apartment,ยมลแห่งยมโลก,Yomi no tsugai,Manga,Phoenix Next,2025-03-29 20:03
ยมลแห่งยมโลก 9,9.0,Apartment,ยมลแห่งยมโลก,Yomi no tsugai,Manga,Phoenix Next,2026-01-09 12:08
Aria-san 1,1.0,Apartment,Aria-san,Tokidoki Bosotto Roshiago de Dereru Tonari no Aria-san,Light Novel,Phoenix Next,2023-12-10 19:26
Aria-san 2,2.0,Apartment,Aria-san,Tokidoki Bosotto Roshiago de Dereru Tonari no Aria-san,Light Novel,Phoenix Next,2023-12-10 19:26
Aria-san 3,3.0,Apartment,Aria-san,Tokidoki Bosotto Roshiago de Dereru Tonari no Aria-san,Light Novel,Phoenix Next,2023-12-10 19:26
Aria-san 4,4.0,Apartment,Aria-san,Tokidoki Bosotto Roshiago de Dereru Tonari no Aria-san,Light Novel,Phoenix Next,2023-12-10 19:27
Aria-san 4.5,4.5,Apartment,Aria-san,Tokidoki Bosotto Roshiago de Dereru Tonari no Aria-san,Light Novel,Phoenix Next,2023-12-10 19:32
Aria-san 5,5.0,Apartment,Aria-san,Tokidoki Bosotto Roshiago de Dereru Tonari no Aria-san,Light Novel,Phoenix Next,2023-12-10 19:28
Aria-san 6,6.0,Apartment,Aria-san,Tokidoki Bosotto Roshiago de Dereru Tonari no Aria-san,Light Novel,Phoenix Next,2023-12-10 19:28
Aria-san 7,7.0,Apartment,Aria-san,Tokidoki Bosotto Roshiago de Dereru Tonari no Aria-san,Light Novel,Phoenix Next,2024-04-02 20:41
Aria-san 8,8.0,Apartment,Aria-san,Tokidoki Bosotto Roshiago de Dereru Tonari no Aria-san,Light Novel,Phoenix Next,2025-03-29 01:23
Aria-san 9,9.0,Apartment,Aria-san,Tokidoki Bosotto Roshiago de Dereru Tonari no Aria-san,Light Novel,Phoenix Next,2025-03-29 20:05
Eighty Six 1,1.0,Apartment,Eighty Six,86,Light Novel,Phoenix Next,2025-03-29 01:32
Eighty Six 2,2.0,Apartment,Eighty Six,86,Light Novel,Phoenix Next,2025-03-29 01:32
Eighty Six 3,3.0,Apartment,Eighty Six,86,Light Novel,Phoenix Next,2025-03-29 01:32
Ougon 1,1.0,Apartment,Ougon,ราชินีนักล่าค่าประสบการณ์,Light Novel,Phoenix Next,2026-01-09 12:13
Ougon 2,2.0,Apartment,Ougon,ราชินีนักล่าค่าประสบการณ์,Light Novel,Phoenix Next,2026-01-09 12:13
Ougon 3,3.0,Apartment,Ougon,ราชินีนักล่าค่าประสบการณ์,Light Novel,Phoenix Next,2026-01-09 12:13
Ougon 4,4.0,Apartment,Ougon,ราชินีนักล่าค่าประสบการณ์,Light Novel,Phoenix Next,2026-03-27 20:58
Silent Witch 1,1.0,Apartment,Silent Witch,Chinmoku Moku no Majo no Kakushigoto,Light Novel,Phoenix Next,2023-12-10 19:51
Silent Witch 2,2.0,Apartment,Silent Witch,Chinmoku Moku no Majo no Kakushigoto,Light Novel,Phoenix Next,2023-12-10 19:51
Silent Witch 3,3.0,Apartment,Silent Witch,Chinmoku Moku no Majo no Kakushigoto,Light Novel,Phoenix Next,2023-12-10 19:36
Silent Witch 4,4.0,Apartment,Silent Witch,Chinmoku Moku no Majo no Kakushigoto,Light Novel,Phoenix Next,2024-04-02 10:40
Silent Witch 4.5,4.5,Apartment,Silent Witch,Chinmoku Moku no Majo no Kakushigoto,Light Novel,Phoenix Next,2024-04-02 10:40
Silent Witch 5,5.0,Apartment,Silent Witch,Chinmoku Moku no Majo no Kakushigoto,Light Novel,Phoenix Next,2024-04-02 20:41
Silent Witch 6,6.0,Apartment,Silent Witch,Chinmoku Moku no Majo no Kakushigoto,Light Novel,Phoenix Next,2025-03-29 01:07
Silent Witch 8,8.0,Apartment,Silent Witch,Chinmoku Moku no Majo no Kakushigoto,Light Novel,Phoenix Next,2026-01-09 12:09
ใครฆ่าผู้กล้า 1,1.0,Apartment,ใครฆ่าผู้กล้า,ใครฆ่าผู้กล้า,Light Novel,Phoenix Next,2025-03-29 20:26
ใครฆ่าผู้กล้า 2,2.0,Apartment,ใครฆ่าผู้กล้า,ใครฆ่าผู้กล้า,Light Novel,Phoenix Next,2025-03-29 20:26
ใครฆ่าผู้กล้า 3,3.0,Apartment,ใครฆ่าผู้กล้า,ใครฆ่าผู้กล้า,Light Novel,Phoenix Next,2026-03-27 20:58
แง้มหัวใจยัยน้องสาวจำเป็น 1,1.0,Apartment,แง้มหัวใจยัยน้องสาวจำเป็น,Gimai Seikatsu,Light Novel,Phoenix Next,2023-12-10 19:54
แง้มหัวใจยัยน้องสาวจำเป็น 2,2.0,Apartment,แง้มหัวใจยัยน้องสาวจำเป็น,Gimai Seikatsu,Light Novel,Phoenix Next,2023-12-10 19:54
แง้มหัวใจยัยน้องสาวจำเป็น 3,3.0,Apartment,แง้มหัวใจยัยน้องสาวจำเป็น,Gimai Seikatsu,Light Novel,Phoenix Next,2023-12-10 19:39
แง้มหัวใจยัยน้องสาวจำเป็น 4,4.0,Apartment,แง้มหัวใจยัยน้องสาวจำเป็น,Gimai Seikatsu,Light Novel,Phoenix Next,2024-04-02 10:44
แง้มหัวใจยัยน้องสาวจำเป็น 5,5.0,Apartment,แง้มหัวใจยัยน้องสาวจำเป็น,Gimai Seikatsu,Light Novel,Phoenix Next,2024-04-02 10:44
แง้มหัวใจยัยน้องสาวจำเป็น 6,6.0,Apartment,แง้มหัวใจยัยน้องสาวจำเป็น,Gimai Seikatsu,Light Novel,Phoenix Next,2024-04-02 10:44
แง้มหัวใจยัยน้องสาวจำเป็น 7,7.0,Apartment,แง้มหัวใจยัยน้องสาวจำเป็น,Gimai Seikatsu,Light Novel,Phoenix Next,2024-04-02 20:40
แง้มหัวใจยัยน้องสาวจำเป็น 8,8.0,Apartment,แง้มหัวใจยัยน้องสาวจำเป็น,Gimai Seikatsu,Light Novel,Phoenix Next,2024-04-02 20:41
แง้มหัวใจยัยน้องสาวจำเป็น 9,9.0,Apartment,แง้มหัวใจยัยน้องสาวจำเป็น,Gimai Seikatsu,Light Novel,Phoenix Next,2025-03-29 01:22
เด็กสาวในห้วงฝัน 1,1.0,Apartment,เด็กสาวในห้วงฝัน,เด็กสาวในห้วงฝัน,Light Novel,Phoenix Next,2025-03-29 00:59
ทีมสายฝันปั้นวีทูบเบอร์ 1,1.0,Apartment,ทีมสายฝันปั้นวีทูบเบอร์,V no gawa no uragawa,Light Novel,Phoenix Next,2024-01-02 19:48
นักสืบตายแล้ว 1,1.0,Home,นักสืบตายแล้ว,"Tantei wa Mou, Shinde Iru",Light Novel,Phoenix Next,2023-12-10 19:52
นักสืบตายแล้ว 2,2.0,Home,นักสืบตายแล้ว,"Tantei wa Mou, Shinde Iru",Light Novel,Phoenix Next,2023-12-10 19:52
นักสืบตายแล้ว 3,3.0,Home,นักสืบตายแล้ว,"Tantei wa Mou, Shinde Iru",Light Novel,Phoenix Next,2023-12-10 19:52
นักสืบตายแล้ว 4,4.0,Home,นักสืบตายแล้ว,"Tantei wa Mou, Shinde Iru",Light Novel,Phoenix Next,2023-12-10 19:52
นักสืบตายแล้ว 5,5.0,Home,นักสืบตายแล้ว,"Tantei wa Mou, Shinde Iru",Light Novel,Phoenix Next,2023-12-10 19:37
นักสืบตายแล้ว 6,6.0,Apartment,นักสืบตายแล้ว,"Tantei wa Mou, Shinde Iru",Light Novel,Phoenix Next,2024-04-02 10:45
นักสืบตายแล้ว 7,7.0,Apartment,นักสืบตายแล้ว,"Tantei wa Mou, Shinde Iru",Light Novel,Phoenix Next,2024-04-02 10:45
สุดท้ายก็คือเธอ ซายากะ 1,1.0,Apartment,สุดท้ายก็คือเธอ ซายากะ,สุดท้ายก็คือเธอ บทแห่งซายากะ,Light Novel,Phoenix Next,2025-03-29 00:52
สุดท้ายก็คือเธอ ซายากะ 2,2.0,Apartment,สุดท้ายก็คือเธอ ซายากะ,สุดท้ายก็คือเธอ บทแห่งซายากะ,Light Novel,Phoenix Next,2025-03-29 00:52
สุดท้ายก็คือเธอ ซายากะ 3,3.0,Apartment,สุดท้ายก็คือเธอ ซายากะ,สุดท้ายก็คือเธอ บทแห่งซายากะ,Light Novel,Phoenix Next,2025-03-29 00:52
ห้องเรียนจารชน 1,1.0,Home,ห้องเรียนจารชน,Supai Kyoushitsu,Light Novel,Phoenix Next,2023-12-10 19:52
ห้องเรียนจารชน 2,2.0,Home,ห้องเรียนจารชน,Supai Kyoushitsu,Light Novel,Phoenix Next,2023-12-10 19:52
ห้องเรียนจารชน 3,3.0,Home,ห้องเรียนจารชน,Supai Kyoushitsu,Light Novel,Phoenix Next,2023-12-10 19:52
ห้องเรียนจารชน 4,4.0,Home,ห้องเรียนจารชน,Supai Kyoushitsu,Light Novel,Phoenix Next,2023-12-10 19:52
ห้องเรียนจารชน 5,5.0,Home,ห้องเรียนจารชน,Supai Kyoushitsu,Light Novel,Phoenix Next,2023-12-10 19:37
ห้องเรียนจารชน 6,6.0,Apartment,ห้องเรียนจารชน,Supai Kyoushitsu,Light Novel,Phoenix Next,2024-04-02 10:46
ห้องเรียนจารชน 7,7.0,Apartment,ห้องเรียนจารชน,Supai Kyoushitsu,Light Novel,Phoenix Next,2024-04-02 10:46
ห้องเรียนจารชน 8,8.0,Apartment,ห้องเรียนจารชน,Supai Kyoushitsu,Light Novel,Phoenix Next,2024-04-02 10:46
ห้องเรียนจารชน 9,9.0,Apartment,ห้องเรียนจารชน,Supai Kyoushitsu,Light Novel,Phoenix Next,2024-04-02 20:40
ห้องเรียนจารชน 10,10.0,Apartment,ห้องเรียนจารชน,Supai Kyoushitsu,Light Novel,Phoenix Next,2025-03-29 20:08
ห้องเรียนจารชน 11,11.0,Apartment,ห้องเรียนจารชน,Supai Kyoushitsu,Light Novel,Phoenix Next,2025-03-29 20:08
ห้องเรียนจารชน 12,12.0,Apartment,ห้องเรียนจารชน,Supai Kyoushitsu,Light Novel,Phoenix Next,2026-01-09 12:10
Frieren 1,1.0,Apartment,Frieren,Sousou no Frieren,Manga,Siam Inter Comic,2024-04-02 20:57
Frieren 2,2.0,Apartment,Frieren,Sousou no Frieren,Manga,Siam Inter Comic,2024-04-02 20:57
Frieren 3,3.0,Apartment,Frieren,Sousou no Frieren,Manga,Siam Inter Comic,2024-04-02 20:57
Frieren 4,4.0,Apartment,Frieren,Sousou no Frieren,Manga,Siam Inter Comic,2024-04-02 20:57
Frieren 5,5.0,Apartment,Frieren,Sousou no Frieren,Manga,Siam Inter Comic,2024-04-02 20:57
Frieren 6,6.0,Apartment,Frieren,Sousou no Frieren,Manga,Siam Inter Comic,2024-04-02 20:57
Frieren 7,7.0,Apartment,Frieren,Sousou no Frieren,Manga,Siam Inter Comic,2024-04-02 20:57
Frieren 8,8.0,Apartment,Frieren,Sousou no Frieren,Manga,Siam Inter Comic,2024-04-02 20:57
Frieren 9,9.0,Apartment,Frieren,Sousou no Frieren,Manga,Siam Inter Comic,2024-04-02 20:57
Frieren 10,10.0,Apartment,Frieren,Sousou no Frieren,Manga,Siam Inter Comic,2024-04-02 20:57
Frieren 11,11.0,Apartment,Frieren,Sousou no Frieren,Manga,Siam Inter Comic,2024-04-02 20:57
Frieren 12,12.0,Apartment,Frieren,Sousou no Frieren,Manga,Siam Inter Comic,2025-03-29 00:49
Frieren 13,13.0,Apartment,Frieren,Sousou no Frieren,Manga,Siam Inter Comic,2025-03-29 00:49
Frieren 14,14.0,Apartment,Frieren,Sousou no Frieren,Manga,Siam Inter Comic,2026-01-09 12:11
Slave 1,1.0,Apartment,Slave,Mato Seihei no Slave,Manga,Siam Inter Comic,2023-12-10 18:33
Slave 2,2.0,Apartment,Slave,Mato Seihei no Slave,Manga,Siam Inter Comic,2023-12-10 18:34
Slave 3,3.0,Apartment,Slave,Mato Seihei no Slave,Manga,Siam Inter Comic,2023-12-10 18:34
Slave 4,4.0,Apartment,Slave,Mato Seihei no Slave,Manga,Siam Inter Comic,2023-12-10 18:34
Slave 5,5.0,Apartment,Slave,Mato Seihei no Slave,Manga,Siam Inter Comic,2023-12-10 18:34
Slave 6,6.0,Apartment,Slave,Mato Seihei no Slave,Manga,Siam Inter Comic,2023-12-10 18:34
Slave 7,7.0,Apartment,Slave,Mato Seihei no Slave,Manga,Siam Inter Comic,2023-12-10 18:34
Slave 8,8.0,Apartment,Slave,Mato Seihei no Slave,Manga,Siam Inter Comic,2023-12-10 18:35
Slave 9,9.0,Apartment,Slave,Mato Seihei no Slave,Manga,Siam Inter Comic,2023-12-10 18:35
Slave 10,10.0,Apartment,Slave,Mato Seihei no Slave,Manga,Siam Inter Comic,2023-12-10 18:35
Slave 11,11.0,Apartment,Slave,Mato Seihei no Slave,Manga,Siam Inter Comic,2023-12-10 18:35
Slave 12,12.0,Apartment,Slave,Mato Seihei no Slave,Manga,Siam Inter Comic,2023-12-10 18:35
Slave 13,13.0,Apartment,Slave,Mato Seihei no Slave,Manga,Siam Inter Comic,2024-04-02 20:45
Slave 14,14.0,Apartment,Slave,Mato Seihei no Slave,Manga,Siam Inter Comic,2025-03-29 00:49
Slave 15,15.0,Apartment,Slave,Mato Seihei no Slave,Manga,Siam Inter Comic,2025-03-29 19:15
Slave 16,16.0,Apartment,Slave,Mato Seihei no Slave,Manga,Siam Inter Comic,2025-03-29 19:15
Slave 17,17.0,Apartment,Slave,Mato Seihei no Slave,Manga,Siam Inter Comic,2026-01-09 12:11
Slave 18,18.0,Apartment,Slave,Mato Seihei no Slave,Manga,Siam Inter Comic,2026-01-09 12:11
ฮาปิเอล 1,1.0,Apartment,ฮาปิเอล,ฮาปิเอล นางฟ้าขาแสบ,Manga,Siam Inter Comic,2025-03-29 20:15
ฮาปิเอล 2,2.0,Apartment,ฮาปิเอล,ฮาปิเอล นางฟ้าขาแสบ,Manga,Siam Inter Comic,2025-03-29 20:15
ฮาปิเอล 3,3.0,Apartment,ฮาปิเอล,ฮาปิเอล นางฟ้าขาแสบ,Manga,Siam Inter Comic,2025-03-29 20:15
MaoMao 1,1.0,Home,MaoMao,ตำรับปริศนา หมอยาแห่งวังหลัง,Manga,Animag,2026-01-09 12:14
MaoMao 2,2.0,Home,MaoMao,ตำรับปริศนา หมอยาแห่งวังหลัง,Manga,Animag,2026-01-09 12:15
MaoMao 3,3.0,Home,MaoMao,ตำรับปริศนา หมอยาแห่งวังหลัง,Manga,Animag,2026-01-09 12:15
MaoMao 4,4.0,Home,MaoMao,ตำรับปริศนา หมอยาแห่งวังหลัง,Manga,Animag,2026-01-09 12:15
MaoMao 5,5.0,Home,MaoMao,ตำรับปริศนา หมอยาแห่งวังหลัง,Manga,Animag,2026-01-09 12:15
MaoMao 6,6.0,Home,MaoMao,ตำรับปริศนา หมอยาแห่งวังหลัง,Manga,Animag,2026-01-09 12:16
MaoMao 7,7.0,Home,MaoMao,ตำรับปริศนา หมอยาแห่งวังหลัง,Manga,Animag,2026-01-09 12:16
MaoMao 8,8.0,Home,MaoMao,ตำรับปริศนา หมอยาแห่งวังหลัง,Manga,Animag,2026-01-09 12:16
MaoMao 9,9.0,Home,MaoMao,ตำรับปริศนา หมอยาแห่งวังหลัง,Manga,Animag,2026-01-09 12:16
MaoMao 10,10.0,Home,MaoMao,ตำรับปริศนา หมอยาแห่งวังหลัง,Manga,Animag,2026-01-09 12:16
MaoMao 11,11.0,Home,MaoMao,ตำรับปริศนา หมอยาแห่งวังหลัง,Manga,Animag,2026-01-09 12:16
MaoMao 12,12.0,Home,MaoMao,ตำรับปริศนา หมอยาแห่งวังหลัง,Manga,Animag,2026-01-09 12:16
MaoMao 13,13.0,Home,MaoMao,ตำรับปริศนา หมอยาแห่งวังหลัง,Manga,Animag,2026-01-09 12:16
MaoMao 14,14.0,Home,MaoMao,ตำรับปริศนา หมอยาแห่งวังหลัง,Manga,Animag,2026-01-09 12:15
MaoMao 15,15.0,Home,MaoMao,ตำรับปริศนา หมอยาแห่งวังหลัง,Manga,Animag,2026-01-09 12:14
Elaina-san 1,1.0,Apartment,Elaina-san,Majo no Tabitabi,Light Novel,Animag,2023-12-10 19:46
Elaina-san 2,2.0,Apartment,Elaina-san,Majo no Tabitabi,Light Novel,Animag,2023-12-10 19:47
Elaina-san 3,3.0,Apartment,Elaina-san,Majo no Tabitabi,Light Novel,Animag,2023-12-10 19:47
Elaina-san 4,4.0,Apartment,Elaina-san,Majo no Tabitabi,Light Novel,Animag,2023-12-10 19:47
Elaina-san 5,5.0,Apartment,Elaina-san,Majo no Tabitabi,Light Novel,Animag,2023-12-10 19:47
Elaina-san 6,6.0,Apartment,Elaina-san,Majo no Tabitabi,Light Novel,Animag,2023-12-10 19:47
Elaina-san 7,7.0,Apartment,Elaina-san,Majo no Tabitabi,Light Novel,Animag,2023-12-10 19:37
Elaina-san 8,8.0,Apartment,Elaina-san,Majo no Tabitabi,Light Novel,Animag,2024-04-02 10:43
Elaina-san 9,9.0,Apartment,Elaina-san,Majo no Tabitabi,Light Novel,Animag,2025-03-29 07:42
Elaina-san 10,10.0,Apartment,Elaina-san,Majo no Tabitabi,Light Novel,Animag,2025-03-29 20:05
Slime 300 years 1,1.0,Home,Slime 300 years,"Suraimu Taoshite Sanbyaku-nen, Shiranai Uchi ni Reberu Makkusu ni Nattemashita",Light Novel,Animag,2023-12-10 19:52
Slime 300 years 2,2.0,Home,Slime 300 years,"Suraimu Taoshite Sanbyaku-nen, Shiranai Uchi ni Reberu Makkusu ni Nattemashita",Light Novel,Animag,2023-12-10 19:52
Slime 300 years 3,3.0,Home,Slime 300 years,"Suraimu Taoshite Sanbyaku-nen, Shiranai Uchi ni Reberu Makkusu ni Nattemashita",Light Novel,Animag,2023-12-10 19:52
Slime 300 years 4,4.0,Home,Slime 300 years,"Suraimu Taoshite Sanbyaku-nen, Shiranai Uchi ni Reberu Makkusu ni Nattemashita",Light Novel,Animag,2023-12-10 19:52
Slime 300 years 5,5.0,Home,Slime 300 years,"Suraimu Taoshite Sanbyaku-nen, Shiranai Uchi ni Reberu Makkusu ni Nattemashita",Light Novel,Animag,2023-12-10 19:52
Slime 300 years 6,6.0,Home,Slime 300 years,"Suraimu Taoshite Sanbyaku-nen, Shiranai Uchi ni Reberu Makkusu ni Nattemashita",Light Novel,Animag,2023-12-10 19:52
Slime 300 years 7,7.0,Home,Slime 300 years,"Suraimu Taoshite Sanbyaku-nen, Shiranai Uchi ni Reberu Makkusu ni Nattemashita",Light Novel,Animag,2023-12-10 19:52
Slime 300 years 8,8.0,Home,Slime 300 years,"Suraimu Taoshite Sanbyaku-nen, Shiranai Uchi ni Reberu Makkusu ni Nattemashita",Light Novel,Animag,2023-12-10 19:36
ให้เป็นแฟนได้ไง ไม่ไหวหรอก 1,1.0,Apartment,ให้เป็นแฟนได้ไง ไม่ไหวหรอก,"Watashi ga Koibito ni Nareru Wake Nai jan, Muri Muri! (※Muri ja Nakatta!?)",Light Novel,Animag,2023-12-10 19:55
ให้เป็นแฟนได้ไง ไม่ไหวหรอก 2,2.0,Apartment,ให้เป็นแฟนได้ไง ไม่ไหวหรอก,"Watashi ga Koibito ni Nareru Wake Nai jan, Muri Muri! (※Muri ja Nakatta!?)",Light Novel,Animag,2023-12-10 19:39
ให้เป็นแฟนได้ไง ไม่ไหวหรอก 3,3.0,Apartment,ให้เป็นแฟนได้ไง ไม่ไหวหรอก,"Watashi ga Koibito ni Nareru Wake Nai jan, Muri Muri! (※Muri ja Nakatta!?)",Light Novel,Animag,2024-04-02 10:47
ให้เป็นแฟนได้ไง ไม่ไหวหรอก 4,4.0,Apartment,ให้เป็นแฟนได้ไง ไม่ไหวหรอก,"Watashi ga Koibito ni Nareru Wake Nai jan, Muri Muri! (※Muri ja Nakatta!?)",Light Novel,Animag,2024-04-02 20:41
ให้เป็นแฟนได้ไง ไม่ไหวหรอก 5,5.0,Apartment,ให้เป็นแฟนได้ไง ไม่ไหวหรอก,"Watashi ga Koibito ni Nareru Wake Nai jan, Muri Muri! (※Muri ja Nakatta!?)",Light Novel,Animag,2025-03-29 20:16
ให้เป็นแฟนได้ไง ไม่ไหวหรอก 6,6.0,Apartment,ให้เป็นแฟนได้ไง ไม่ไหวหรอก,"Watashi ga Koibito ni Nareru Wake Nai jan, Muri Muri! (※Muri ja Nakatta!?)",Light Novel,Animag,2025-03-29 20:20
World Teacher 1,1.0,Home,World Teacher,Isekaishiki Kyouiku Agent,Light Novel,Gift Book Publishing,2023-12-10 19:56
World Teacher 2,2.0,Home,World Teacher,Isekaishiki Kyouiku Agent,Light Novel,Gift Book Publishing,2023-12-10 19:56
World Teacher 3,3.0,Home,World Teacher,Isekaishiki Kyouiku Agent,Light Novel,Gift Book Publishing,2023-12-10 19:56
World Teacher 4,4.0,Home,World Teacher,Isekaishiki Kyouiku Agent,Light Novel,Gift Book Publishing,2023-12-10 19:56
World Teacher 5,5.0,Home,World Teacher,Isekaishiki Kyouiku Agent,Light Novel,Gift Book Publishing,2023-12-10 19:41